<?xml version="1.0" encoding="UTF-8" standalone="yes"?><Invoice version="5.3.1" xsi:schemaLocation="http://www.w3schools.com isdoc-invoice-5.3.1.xsd" xmlns:ns2="http://www.o2.cz/ebill/isdoc-extensions" xmlns="http://isdoc.cz/namespace/invoice" xmlns:xsi="http://www.w3.org/2001/XMLSchema-instance"><DocumentType>1</DocumentType><TargetConsolidator>WINPEU</TargetConsolidator><ID>1312494625</ID><UUID>00000000-0000-0000-0000-000094731452</UUID><IssueDate>2016-11-20+01:00</IssueDate><TaxPointDate>2016-11-20+01:00</TaxPointDate><VATApplicable>true</VATApplicable><ElectronicPossibilityAgreementReference>-</ElectronicPossibilityAgreementReference><Note/><LocalCurrencyCode>CZK</LocalCurrencyCode><CurrRate>1</CurrRate><RefCurrRate>1</RefCurrRate><Extensions><ns2:Subscribers><Subscriber existsDetail="true" existsSumary="true" status="A">775629295</Subscriber><Subscriber existsDetail="true" existsSumary="true" status="A">606529295</Subscriber><Subscriber existsDetail="false" existsSumary="true" status="A">724540177</Subscriber><Subscriber existsDetail="false" existsSumary="true" status="A">605893641</Subscriber><Subscriber existsDetail="true" existsSumary="true" status="A">724971243</Subscriber><Subscriber existsDetail="true" existsSumary="true" status="A">776345267</Subscriber><Subscriber existsDetail="true" existsSumary="true" status="A">739151703</Subscriber><Subscriber existsDetail="true" existsSumary="true" status="A">776706254</Subscriber><Subscriber existsDetail="true" existsSumary="true" status="A">728582149</Subscriber><Subscriber existsDetail="true" existsSumary="true" status="A">607851654</Subscriber><Subscriber existsDetail="true" existsSumary="true" status="A">725513522</Subscriber><Subscriber existsDetail="true" existsSumary="true" status="A">602853884</Subscriber><Subscriber existsDetail="true" existsSumary="true" status="A">728737185</Subscriber><Subscriber existsDetail="true" existsSumary="true" status="A">607691698</Subscriber><Subscriber existsDetail="true" existsSumary="true" status="A">736531639</Subscriber><Subscriber existsDetail="true" existsSumary="true" status="A">739644105</Subscriber><Subscriber existsDetail="true" existsSumary="true" status="A">723860593</Subscriber><Subscriber existsDetail="true" existsSumary="true" status="A">608929264</Subscriber><Subscriber existsDetail="true" existsSumary="true" status="A">774644131</Subscriber><Subscriber existsDetail="false" existsSumary="true" status="A">736135866</Subscriber><Subscriber existsDetail="false" existsSumary="true" status="A">775314045</Subscriber><Subscriber existsDetail="false" existsSumary="true" status="A">725962193</Subscriber><Subscriber existsDetail="false" existsSumary="true" status="A">724292929</Subscriber><Subscriber existsDetail="false" existsSumary="true" status="A">727820125</Subscriber><Subscriber existsDetail="false" existsSumary="true" status="A">608524059</Subscriber><Subscriber existsDetail="false" existsSumary="true" status="A">774801303</Subscriber><Subscriber existsDetail="false" existsSumary="true" status="A">720939410</Subscriber><Subscriber existsDetail="false" existsSumary="true" status="A">602728372</Subscriber><Subscriber existsDetail="false" existsSumary="true" status="A">607080646</Subscriber><Subscriber existsDetail="false" existsSumary="true" status="A">773645375</Subscriber><Subscriber existsDetail="false" existsSumary="true" status="A">608817756</Subscriber><Subscriber existsDetail="false" existsSumary="true" status="A">606935583</Subscriber></ns2:Subscribers></Extensions><AccountingSupplierParty><Party><PartyIdentification><ID>60193336</ID></PartyIdentification><PartyName><Name>O2 Czech Republic a.s.</Name></PartyName><PostalAddress><StreetName>Za Brumlovkou</StreetName><BuildingNumber>266/2</BuildingNumber><CityName>Praha 4 - Michle</CityName><PostalZone>140 22</PostalZone><Country><IdentificationCode>CZ</IdentificationCode><Name>Česká republika</Name></Country></PostalAddress></Party></AccountingSupplierParty><AccountingCustomerParty><Party><PartyIdentification><ID>29228107</ID></PartyIdentification><PartyName><Name>Vaizard, o.p.s.</Name></PartyName><PostalAddress><StreetName>Kainarova 72/</StreetName><BuildingNumber>26</BuildingNumber><CityName>616 00    Brno</CityName><PostalZone>61600</PostalZone><Country><IdentificationCode>CZ</IdentificationCode><Name>Česká republika</Name></Country></PostalAddress></Party></AccountingCustomerParty><InvoiceLines><InvoiceLine><ID>901</ID><InvoicedQuantity unitCode=" ">1</InvoicedQuantity><LineExtensionAmount>2167.82</LineExtensionAmount><LineExtensionAmountTaxInclusive>2623.0622</LineExtensionAmountTaxInclusive><LineExtensionTaxAmount>455.2422</LineExtensionTaxAmount><UnitPrice>2167.82</UnitPrice><UnitPriceTaxInclusive>2623.0622</UnitPriceTaxInclusive><ClassifiedTaxCategory><Percent>21.0</Percent><VATCalculationMethod>1</VATCalculationMethod><VATApplicable>true</VATApplicable></ClassifiedTaxCategory><Item><Description>Volání</Description></Item></InvoiceLine><InvoiceLine><ID>902</ID><InvoicedQuantity unitCode=" ">1</InvoicedQuantity><LineExtensionAmount>556.3</LineExtensionAmount><LineExtensionAmountTaxInclusive>673.123</LineExtensionAmountTaxInclusive><LineExtensionTaxAmount>116.823</LineExtensionTaxAmount><UnitPrice>556.3</UnitPrice><UnitPriceTaxInclusive>673.123</UnitPriceTaxInclusive><ClassifiedTaxCategory><Percent>21.0</Percent><VATCalculationMethod>1</VATCalculationMethod><VATApplicable>true</VATApplicable></ClassifiedTaxCategory><Item><Description>Zprávy</Description></Item></InvoiceLine><InvoiceLine><ID>904</ID><InvoicedQuantity unitCode=" ">1</InvoicedQuantity><LineExtensionAmount>100.0</LineExtensionAmount><LineExtensionAmountTaxInclusive>121.0</LineExtensionAmountTaxInclusive><LineExtensionTaxAmount>21.0</LineExtensionTaxAmount><UnitPrice>100.0</UnitPrice><UnitPriceTaxInclusive>121.0</UnitPriceTaxInclusive><ClassifiedTaxCategory><Percent>21.0</Percent><VATCalculationMethod>1</VATCalculationMethod><VATApplicable>true</VATApplicable></ClassifiedTaxCategory><Item><Description>Roaming</Description></Item></InvoiceLine><InvoiceLine><ID>911</ID><InvoicedQuantity unitCode=" ">1</InvoicedQuantity><LineExtensionAmount>9824.17</LineExtensionAmount><LineExtensionAmountTaxInclusive>11887.2457</LineExtensionAmountTaxInclusive><LineExtensionTaxAmount>2063.0757</LineExtensionTaxAmount><UnitPrice>9824.17</UnitPrice><UnitPriceTaxInclusive>11887.2457</UnitPriceTaxInclusive><ClassifiedTaxCategory><Percent>21.0</Percent><VATCalculationMethod>1</VATCalculationMethod><VATApplicable>true</VATApplicable></ClassifiedTaxCategory><Item><Description>Pravidelné poplatky</Description></Item></InvoiceLine><InvoiceLine><ID>912</ID><InvoicedQuantity unitCode=" ">1</InvoicedQuantity><LineExtensionAmount>299.82</LineExtensionAmount><LineExtensionAmountTaxInclusive>362.7822</LineExtensionAmountTaxInclusive><LineExtensionTaxAmount>62.9622</LineExtensionTaxAmount><UnitPrice>299.82</UnitPrice><UnitPriceTaxInclusive>362.7822</UnitPriceTaxInclusive><ClassifiedTaxCategory><Percent>21.0</Percent><VATCalculationMethod>1</VATCalculationMethod><VATApplicable>true</VATApplicable></ClassifiedTaxCategory><Item><Description>Jednorázové poplatky</Description></Item></InvoiceLine><InvoiceLine><ID>935</ID><InvoicedQuantity unitCode=" ">1</InvoicedQuantity><LineExtensionAmount>425.0</LineExtensionAmount><LineExtensionAmountTaxInclusive>425.0</LineExtensionAmountTaxInclusive><LineExtensionTaxAmount>0</LineExtensionTaxAmount><UnitPrice>425.0</UnitPrice><UnitPriceTaxInclusive>425.0</UnitPriceTaxInclusive><ClassifiedTaxCategory><Percent>0</Percent><VATCalculationMethod>1</VATCalculationMethod><VATApplicable>false</VATApplicable></ClassifiedTaxCategory><Item><Description>Platební transakce</Description></Item></InvoiceLine></InvoiceLines><TaxTotal><TaxSubTotal><TaxableAmount>12948.11</TaxableAmount><TaxInclusiveAmount>15667.21</TaxInclusiveAmount><TaxAmount>2719.1</TaxAmount><AlreadyClaimedTaxableAmount>0</AlreadyClaimedTaxableAmount><AlreadyClaimedTaxAmount>0</AlreadyClaimedTaxAmount><AlreadyClaimedTaxInclusiveAmount>0</AlreadyClaimedTaxInclusiveAmount><DifferenceTaxableAmount>0</DifferenceTaxableAmount><DifferenceTaxAmount>0</DifferenceTaxAmount><DifferenceTaxInclusiveAmount>0</DifferenceTaxInclusiveAmount><TaxCategory><Percent>21.0</Percent><VATApplicable>true</VATApplicable></TaxCategory></TaxSubTotal><TaxAmount>2719.1</TaxAmount></TaxTotal><LegalMonetaryTotal><TaxExclusiveAmount>12948.11</TaxExclusiveAmount><TaxInclusiveAmount>16092.21</TaxInclusiveAmount><AlreadyClaimedTaxExclusiveAmount>0</AlreadyClaimedTaxExclusiveAmount><AlreadyClaimedTaxInclusiveAmount>0</AlreadyClaimedTaxInclusiveAmount><DifferenceTaxExclusiveAmount>0</DifferenceTaxExclusiveAmount><DifferenceTaxInclusiveAmount>0.0</DifferenceTaxInclusiveAmount><PaidDepositsAmount>0</PaidDepositsAmount><PayableAmount>16092.21</PayableAmount></LegalMonetaryTotal><PaymentMeans><Payment><PaidAmount>16092.21</PaidAmount><PaymentMeansCode>20</PaymentMeansCode><Details><PaymentDueDate>2016-12-08+01:00</PaymentDueDate><ID>0000000500114004</ID><BankCode>2700</BankCode><Name>UniCredit bank</Name><IBAN>CZ13 2700 0000 0005 0011 4004</IBAN><BIC>BACX CZPP</BIC><VariableSymbol>1312494625</VariableSymbol><ConstantSymbol>0379</ConstantSymbol></Details></Payment></PaymentMeans></Invoice>